modality	cluster	feature	freq_in_cluster	freq_rest	difference	abs_effect	mean_in_cluster	mean_rest	t_statistic_reference_only	rank_within_modality_cluster
cnv	0	GLULP5			3.0568400770712914	3.0568400770712914	5.166666666666667	2.1098265895953756	3.1536939290743753	1
cnv	0	RAF1P1			2.7341040462427744	2.7341040462427744	5.0	2.2658959537572256	3.3395210131232513	2
cnv	0	AC006499.2			2.7341040462427744	2.7341040462427744	5.0	2.2658959537572256	3.3395210131232513	3
cnv	0	AC006499.8			2.7341040462427744	2.7341040462427744	5.0	2.2658959537572256	3.3395210131232513	4
cnv	0	AC006499.4			2.7341040462427744	2.7341040462427744	5.0	2.2658959537572256	3.3395210131232513	5
cnv	0	AC006499.7			2.578998073217726	2.578998073217726	4.833333333333333	2.254335260115607	3.021793618557543	6
cnv	0	AC006499.3			2.578998073217726	2.578998073217726	4.833333333333333	2.254335260115607	3.021793618557543	7
cnv	0	AC006499.5			2.578998073217726	2.578998073217726	4.833333333333333	2.254335260115607	3.021793618557543	8
cnv	0	AC006499.1			2.41233140655106	2.41233140655106	4.666666666666667	2.254335260115607	3.1151281114725795	9
cnv	0	FGF10			2.2018304431599227	2.2018304431599227	4.583333333333333	2.3815028901734103	2.01557054540232	10
cnv	0	HMGCS1			2.2018304431599227	2.2018304431599227	4.583333333333333	2.3815028901734103	2.01557054540232	11
cnv	0	AC010435.1			2.2018304431599227	2.2018304431599227	4.583333333333333	2.3815028901734103	2.01557054540232	12
cnv	0	NNT			2.2018304431599227	2.2018304431599227	4.583333333333333	2.3815028901734103	2.01557054540232	13
cnv	0	ZNF131			2.2018304431599227	2.2018304431599227	4.583333333333333	2.3815028901734103	2.01557054540232	14
cnv	0	NNT-AS1			2.2018304431599227	2.2018304431599227	4.583333333333333	2.3815028901734103	2.01557054540232	15
cnv	0	C5orf34-AS1			2.2018304431599227	2.2018304431599227	4.583333333333333	2.3815028901734103	2.01557054540232	16
cnv	0	C5orf34			2.2018304431599227	2.2018304431599227	4.583333333333333	2.3815028901734103	2.01557054540232	17
cnv	0	AC104119.1			2.2018304431599227	2.2018304431599227	4.583333333333333	2.3815028901734103	2.01557054540232	18
cnv	0	PPIAP77			2.2018304431599227	2.2018304431599227	4.583333333333333	2.3815028901734103	2.01557054540232	19
cnv	0	RNU6-381P			2.2018304431599227	2.2018304431599227	4.583333333333333	2.3815028901734103	2.01557054540232	20
cnv	1	AC005772.2			-1.4052388289676425	1.4052388289676425	1.2727272727272727	2.6779661016949152	-2.723345398996806	1
cnv	1	RNU6-314P			-1.3943840121426765	1.3943840121426765	1.2835820895522387	2.6779661016949152	-2.702173146151165	2
cnv	1	TBC1D26			-1.3943840121426765	1.3943840121426765	1.2835820895522387	2.6779661016949152	-2.702173146151165	3
cnv	1	AC005703.2			-1.3943840121426765	1.3943840121426765	1.2835820895522387	2.6779661016949152	-2.702173146151165	4
cnv	1	AC005703.3			-1.3943840121426765	1.3943840121426765	1.2835820895522387	2.6779661016949152	-2.702173146151165	5
cnv	1	AC005703.4			-1.3943840121426765	1.3943840121426765	1.2835820895522387	2.6779661016949152	-2.702173146151165	6
cnv	1	AC005703.5			-1.3943840121426765	1.3943840121426765	1.2835820895522387	2.6779661016949152	-2.702173146151165	7
cnv	1	AC005703.6			-1.3943840121426765	1.3943840121426765	1.2835820895522387	2.6779661016949152	-2.702173146151165	8
cnv	1	MIR4731			-1.3943840121426765	1.3943840121426765	1.2835820895522387	2.6779661016949152	-2.702173146151165	9
cnv	1	RNA5SP436			-1.3943840121426765	1.3943840121426765	1.2835820895522387	2.6779661016949152	-2.702173146151165	10
cnv	1	TBC1D26-AS1			-1.3943840121426765	1.3943840121426765	1.2835820895522387	2.6779661016949152	-2.702173146151165	11
cnv	1	CDRT4			-1.3943840121426765	1.3943840121426765	1.2835820895522387	2.6779661016949152	-2.702173146151165	12
cnv	1	RN7SL792P			-1.3943840121426765	1.3943840121426765	1.2835820895522387	2.6779661016949152	-2.702173146151165	13
cnv	1	SPECC1P1			-1.3943840121426765	1.3943840121426765	1.2835820895522387	2.6779661016949152	-2.702173146151165	14
cnv	1	ZNF29P			-1.3943840121426765	1.3943840121426765	1.2835820895522387	2.6779661016949152	-2.702173146151165	15
cnv	1	AC002553.1			-1.3943840121426765	1.3943840121426765	1.2835820895522387	2.6779661016949152	-2.702173146151165	16
cnv	1	AC002553.2			-1.3943840121426765	1.3943840121426765	1.2835820895522387	2.6779661016949152	-2.702173146151165	17
cnv	1	TTC19			-1.3943840121426765	1.3943840121426765	1.2835820895522387	2.6779661016949152	-2.702173146151165	18
cnv	1	NCOR1			-1.3943840121426765	1.3943840121426765	1.2835820895522387	2.6779661016949152	-2.702173146151165	19
cnv	1	TVP23C			-1.3943840121426765	1.3943840121426765	1.2835820895522387	2.6779661016949152	-2.702173146151165	20
cnv	2	PRNCR1			4.972341254382547	4.972341254382547	7.588235294117647	2.615894039735099	1.8829017993706445	1
cnv	2	AC020688.1			4.972341254382547	4.972341254382547	7.588235294117647	2.615894039735099	1.8829017993706445	2
cnv	2	PCAT1			4.966497857421114	4.966497857421114	7.529411764705882	2.562913907284768	1.8800580165605631	3
cnv	2	CASC19			4.915660303856642	4.915660303856642	7.617647058823529	2.7019867549668874	1.861660820678388	4
cnv	2	AC018714.1			4.809700038955979	4.809700038955979	7.617647058823529	2.80794701986755	1.819494206949704	5
cnv	2	AC018714.2			4.8043137254901955	4.8043137254901955	7.617647058823529	2.8133333333333335	1.8173947903074423	6
cnv	2	AC090821.1			3.8048305414881183	3.8048305414881183	6.235294117647059	2.4304635761589406	2.783384076075021	7
cnv	2	MIR3686			3.7481495909622127	3.7481495909622127	6.264705882352941	2.5165562913907285	2.6316357123354686	8
cnv	2	AC011257.1			3.7481495909622127	3.7481495909622127	6.264705882352941	2.5165562913907285	2.6316357123354686	9
cnv	2	ST3GAL1			3.657771717958706	3.657771717958706	6.088235294117647	2.4304635761589406	2.9863579975738883	10
cnv	2	AC103706.2			3.657771717958706	3.657771717958706	6.088235294117647	2.4304635761589406	2.9863579975738883	11
cnv	2	AC103706.3			3.657771717958706	3.657771717958706	6.088235294117647	2.4304635761589406	2.9863579975738883	12
cnv	2	AF186190.1			3.6445266848461237	3.6445266848461237	6.088235294117647	2.443708609271523	2.975620750960464	13
cnv	2	KC877373.1			3.6445266848461237	3.6445266848461237	6.088235294117647	2.443708609271523	2.975620750960464	14
cnv	2	ST13P6			3.6445266848461237	3.6445266848461237	6.088235294117647	2.443708609271523	2.975620750960464	15
cnv	2	MYC			3.620763537202961	3.620763537202961	6.382352941176471	2.76158940397351	2.5335099549221476	16
cnv	2	CASC11			3.620763537202961	3.620763537202961	6.382352941176471	2.76158940397351	2.5335099549221476	17
cnv	2	AC108925.1			3.6156862745098044	3.6156862745098044	6.382352941176471	2.7666666666666666	2.5296947983075886	18
cnv	2	IKZF3			3.613167121153097	3.613167121153097	5.705882352941177	2.0927152317880795	1.9272329966229065	19
cnv	2	KRT8P34			3.613167121153097	3.613167121153097	5.705882352941177	2.0927152317880795	1.9272329966229065	20
cnv	3	AC018714.2			-2.4980158730158735	2.4980158730158735	2.1805555555555554	4.678571428571429	-2.9295927884125654	1
cnv	3	AC018714.1			-2.4743117010816125	2.4743117010816125	2.1805555555555554	4.654867256637168	-2.926549805582204	2
cnv	3	CASC19			-2.332718780727631	2.332718780727631	2.1805555555555554	4.513274336283186	-2.8052425020080816	3
cnv	3	PRNCR1			-2.2315634218289087	2.2315634218289087	2.1666666666666665	4.398230088495575	-2.6966885887861367	4
cnv	3	AC020688.1			-2.2315634218289087	2.2315634218289087	2.1666666666666665	4.398230088495575	-2.6966885887861367	5
cnv	3	PCAT1			-2.165806293018682	2.165806293018682	2.1527777777777777	4.31858407079646	-2.6294251933596158	6
cnv	3	CCAT2			-2.0760816125860373	2.0760816125860373	2.1805555555555554	4.256637168141593	-4.097624277987187	7
cnv	3	CASC8			-2.0760816125860373	2.0760816125860373	2.1805555555555554	4.256637168141593	-4.097624277987187	8
cnv	3	POU5F1B			-2.0760816125860373	2.0760816125860373	2.1805555555555554	4.256637168141593	-4.097624277987187	9
cnv	3	AC108925.1			-2.0605158730158735	2.0605158730158735	2.1805555555555554	4.241071428571429	-4.053142009960048	10
cnv	3	MYC			-2.0406833824975417	2.0406833824975417	2.1805555555555554	4.221238938053097	-4.046539754559366	11
cnv	3	CASC11			-2.0406833824975417	2.0406833824975417	2.1805555555555554	4.221238938053097	-4.046539754559366	12
cnv	3	AC104370.1			-2.0229842674532943	2.0229842674532943	2.1805555555555554	4.20353982300885	-4.013408215216569	13
cnv	3	AC011257.1			-1.6778515240904621	1.6778515240904621	2.1805555555555554	3.8584070796460175	-3.6014334428977754	14
cnv	3	MIR3686			-1.6778515240904621	1.6778515240904621	2.1805555555555554	3.8584070796460175	-3.6014334428977754	15
cnv	3	AC090821.1			-1.6221730580137659	1.6221730580137659	2.138888888888889	3.7610619469026547	-3.626949991755076	16
cnv	3	AC090987.1			-1.5805063913470994	1.5805063913470994	2.1805555555555554	3.7610619469026547	-3.962222284366898	17
cnv	3	AC103706.3			-1.5779252704031466	1.5779252704031466	2.138888888888889	3.7168141592920354	-3.8791788487947834	18
cnv	3	AC103706.2			-1.5779252704031466	1.5779252704031466	2.138888888888889	3.7168141592920354	-3.8791788487947834	19
cnv	3	ST3GAL1			-1.5779252704031466	1.5779252704031466	2.138888888888889	3.7168141592920354	-3.8791788487947834	20
methylation	0	cg02159654			-0.7328267557206066	0.7328267557206066	0.137889093756002	0.8707158494766086		1
methylation	0	cg18482656			-0.711898873462302	0.711898873462302	0.1202228284353195	0.8321217018976215	-34.73891186471489	2
methylation	0	cg15225701			0.701475894768702	0.701475894768702	0.8485636457528944	0.14708775098419244	27.77814151282116	3
methylation	0	cg04158046			0.6956557944552391	0.6956557944552391	0.849357283168946	0.15370148871370698	129.06809232794612	4
methylation	0	cg04917275			-0.6876789571619271	0.6876789571619271	0.162680565055209	0.8503595222171361	-17.727042388694095	5
methylation	0	cg06126019			0.6872769928384839	0.6872769928384839	0.866934532076158	0.17965753923767408		6
methylation	0	cg25267808			-0.6825950707346534	0.6825950707346534	0.110045850878853	0.7926409216135064	-36.75712355655184	7
methylation	0	cg19123882			0.680007972557998	0.680007972557998	0.83677265237911	0.156764679821112		8
methylation	0	cg23903723			0.6756841158028587	0.6756841158028587	0.867239806687153	0.19155569088429428	32.721622671912904	9
methylation	0	cg03256090			0.6738566337821686	0.6738566337821686	0.877470687788603	0.20361405400643443		10
methylation	0	cg15336243			0.6729246339635907	0.6729246339635907	0.8843249363022716	0.21140030233868087	21.425588814506217	11
methylation	0	cg27206295			-0.668369902533417	0.668369902533417	0.154553833180328	0.822923735713745		12
methylation	0	cg12295277			-0.6644501627243278	0.6644501627243278	0.198128872050423	0.8625790347747507		13
methylation	0	cg19903071			0.6631248101460296	0.6631248101460296	0.881522978842348	0.2183981686963183		14
methylation	0	cg04297105			0.6501515003759373	0.6501515003759373	0.859378104548526	0.20922660417258881		15
methylation	0	cg02952701			0.6500304194414936	0.6500304194414936	0.810080082633894	0.16004966319240033	23.70672529499983	16
methylation	0	cg18862210			-0.6430485273923515	0.6430485273923515	0.133302658276395	0.7763511856687465		17
methylation	0	cg05569877			0.6422585374992494	0.6422585374992494	0.838085863737823	0.19582732623857357		18
methylation	0	cg25441141			0.6408084265948547	0.6408084265948547	0.871873507966172	0.23106508137131732	25.091840525221198	19
methylation	0	cg09262442			0.6332742032685402	0.6332742032685402	0.886460693190217	0.2531864899216768		20
methylation	1	cg06958563			0.6477816083189505	0.6477816083189505	0.797455545229193	0.1496739369102426		1
methylation	1	cg15811668			0.6389594057777916	0.6389594057777916	0.830161106730438	0.19120170095264635		2
methylation	1	cg19049964			0.6255766384899301	0.6255766384899301	0.82036549421056	0.19478885572063		3
methylation	1	cg06421526			-0.6108273498622265	0.6108273498622265	0.219580979473489	0.8304083293357155		4
methylation	1	cg03756034			-0.6057194352283582	0.6057194352283582	0.24543926637631	0.8511587016046682		5
methylation	1	cg02503763			-0.602883022673552	0.602883022673552	0.151225209271993	0.754108231945545		6
methylation	1	cg06963192			-0.5892596469770488	0.5892596469770488	0.210489349585073	0.7997489965621218		7
methylation	1	cg26243740			-0.5647084382500394	0.5647084382500394	0.245116665108352	0.8098251033583914		8
methylation	1	cg26928418			0.55761464584677	0.55761464584677	0.809977490650335	0.25236284480356497	6.950056776423693	9
methylation	1	cg02076869			0.5548976185333019	0.5548976185333019	0.7913292123813905	0.23643159384808868	8.585502962874584	10
methylation	1	cg24880222			-0.539376593617138	0.539376593617138	0.285125925371837	0.824502518988975		11
methylation	1	cg03290610			0.5282310457182994	0.5282310457182994	0.702287586800007	0.17405654108170768		12
methylation	1	cg15577595			0.5251068100573736	0.5251068100573736	0.813315499981958	0.28820868992458437		13
methylation	1	cg13560853			0.5239778279481426	0.5239778279481426	0.7881506350612524	0.2641728071131098	10.459170459022598	14
methylation	1	cg18774170			-0.5195857323467963	0.5195857323467963	0.293985247430351	0.8135709797771473		15
methylation	1	cg19173502			-0.5040051868014477	0.5040051868014477	0.348114637668097	0.8521198244695447		16
methylation	1	cg26554567			0.49871399025471097	0.49871399025471097	0.7941221714643053	0.29540818120959433	5.350852559626002	17
methylation	1	cg08853735			-0.4830604263419148	0.4830604263419148	0.35191368951227453	0.8349741158541893	-26.83799355920427	18
methylation	1	cg12726960			0.47168073804302507	0.47168073804302507	0.771316314914741	0.2996355768717159	6.192924069511051	19
methylation	1	cg16362014			-0.4708863459320753	0.4708863459320753	0.40648936631314	0.8773757122452153		20
methylation	2	cg02383666			0.6952629816519197	0.6952629816519197	0.8480299706368459	0.15276698898492622	17.36500858229759	1
methylation	2	cg19123882			-0.680007972557998	0.680007972557998	0.156764679821112	0.83677265237911		2
methylation	2	cg19049964			-0.6255766384899301	0.6255766384899301	0.19478885572063	0.82036549421056		3
methylation	2	cg09230658			0.5680916705090766	0.5680916705090766	0.82049508663326	0.2524034161241834		4
methylation	2	cg13494636			0.5390641608357369	0.5390641608357369	0.768822337488732	0.22975817665299503		5
methylation	2	cg12146909			-0.5184548657053074	0.5184548657053074	0.161932828447301	0.6803876941526085		6
methylation	2	cg03586820			-0.5137085729916662	0.5137085729916662	0.192905118267123	0.7066136912587891		7
methylation	2	cg26554567			0.4994162672679037	0.4994162672679037	0.8330790204950616	0.3336627532271578	5.282685122487755	8
methylation	2	cg09156155			-0.4506807367320079	0.4506807367320079	0.21343110772867435	0.6641118444606823	-3.4264526442880556	9
methylation	2	cg05225311			-0.42727470326785705	0.42727470326785705	0.192281614501773	0.61955631776963		10
methylation	2	cg10623600			0.425476179138425	0.425476179138425	0.5388916837707135	0.1134155046322885	1.1980673799924406	11
methylation	2	cg03321912			0.40841090409730896	0.40841090409730896	0.769550300232591	0.361139396135282		12
methylation	2	cg08217388			0.3844094473759719	0.3844094473759719	0.8302730436036464	0.4458635962276745	1.4315837253569386	13
methylation	2	cg00098144			0.3803566861428052	0.3803566861428052	0.7649117498175138	0.38455506367470854	3.3840277366821687	14
methylation	2	cg21287936			0.3792950331860787	0.3792950331860787	0.7475591197990896	0.3682640866130109	5.657134759016955	15
methylation	2	cg22838357			0.37700311003957404	0.37700311003957404	0.837726501271345	0.4607233912317709		16
methylation	2	cg22712983			-0.36985598202443565	0.36985598202443565	0.23867789975708015	0.6085338817815158	-8.958997954981731	17
methylation	2	cg14562394			0.36962893259005347	0.36962893259005347	0.854247064322231	0.4846181317321775		18
methylation	2	cg01952226			-0.369508196348039	0.369508196348039	0.259471405849678	0.628979602197717	-3.8793604005912075	19
methylation	2	cg22120063			0.36924204803179783	0.36924204803179783	0.5504334465687558	0.18119139853695798	2.15423700923023	20
methylation	3	cg05655647			-0.704513827256777	0.704513827256777	0.155452537756974	0.859966365013751		1
methylation	3	cg04917275			0.6876789571619271	0.6876789571619271	0.8503595222171361	0.162680565055209	17.727042388694095	2
methylation	3	cg27206295			0.668369902533417	0.668369902533417	0.822923735713745	0.154553833180328		3
methylation	3	cg21937554			-0.6145285569090206	0.6145285569090206	0.237561950529316	0.8520905074383367		4
methylation	3	cg02937313			0.613500696414737	0.613500696414737	0.81894379248616	0.205443096071423		5
methylation	3	cg24662666			-0.6114950174427878	0.6114950174427878	0.191820515291039	0.8033155327338268	-18.31019596006161	6
methylation	3	cg02503763			0.602883022673552	0.602883022673552	0.754108231945545	0.151225209271993		7
methylation	3	cg02605760			0.6016808001991067	0.6016808001991067	0.794834862151833	0.19315406195272625		8
methylation	3	cg24332783			-0.5769375326524022	0.5769375326524022	0.235650850365608	0.8125883830180103		9
methylation	3	cg07077665			-0.575609288300325	0.575609288300325	0.181061141339182	0.7566704296395069		10
methylation	3	cg11122899			-0.569865606143574	0.569865606143574	0.183409557387746	0.75327516353132		11
methylation	3	cg26932441			-0.5494910619006795	0.5494910619006795	0.169943651079449	0.7194347129801285		12
methylation	3	cg00098144			-0.5284779376046151	0.5284779376046151	0.23460589266957502	0.7630838302741901	-10.09810994591033	13
methylation	3	cg08696165			-0.5084693202907389	0.5084693202907389	0.26477582519233694	0.7732451454830758	-10.489103967674588	14
methylation	3	cg13088471			0.5011616394290538	0.5011616394290538	0.7807734871149156	0.2796118476858618	7.2327712632440715	15
methylation	3	cg08155354			0.49735289932128546	0.49735289932128546	0.741450359353393	0.24409746003210753		16
methylation	3	cg01010839			0.49649234606933085	0.49649234606933085	0.7619435899960615	0.26545124392673064	14.213739872984133	17
methylation	3	cg16782807			-0.4956298354539944	0.4956298354539944	0.2016937665334535	0.6973236019874479	-6.469284148363989	18
methylation	3	cg24605553			-0.49541509975196085	0.49541509975196085	0.2208144170352695	0.7162295167872303	-4.901315101597457	19
methylation	3	cg17450425			-0.47784878723650615	0.47784878723650615	0.31934986418635114	0.7971986514228573	-5.970810811875697	20
protein	0	ATM_pS1981			1.9333702702928428	1.9333702702928428	2.1280101792326627	0.19463990893981997	0.9006254485124037	1
protein	0	IGFBP2			1.848275103448276	1.848275103448276	1.8218550000000002	-0.026420103448275906	3.3660886655754956	2
protein	0	GAPDH			1.844850448275862	1.844850448275862	1.683195	-0.16165544827586206	1.7054576604815612	3
protein	0	PDGFRB			-1.50261273716399	1.50261273716399	-1.7767437025898083	-0.27413096542581833	-2.6152557050755507	4
protein	0	CLAUDIN7			1.4032129827586206	1.4032129827586206	1.4208075	0.017594517241379316	1.6708588487079163	5
protein	0	p38-a			-1.3170633575427104	1.3170633575427104	-1.35518219874242	-0.038118841199709506	-4.097909922107557	6
protein	0	EPPK1			-1.2437833879310347	1.2437833879310347	-1.3202232500000002	-0.0764398620689655	-2.0986090034252634	7
protein	0	ANNEXIN1			-1.239320982758621	1.239320982758621	-1.2729975000000002	-0.033676517241379364	-3.7923876053716525	8
protein	0	CD171			-1.2081833595012457	1.2081833595012457	-1.015414623878696	0.19276873562254956	-4.078368942769609	9
protein	0	Vinculin			-1.1976291054158805	1.1976291054158805	-1.272201201980264	-0.07457209656438336	-3.4801204081312402	10
protein	0	PKCPANBETAII_pS660			1.1075680362068965	1.1075680362068965	1.0380945	-0.06947353620689656	2.0828445791882424	11
protein	0	IR-b			1.073480374059767	1.073480374059767	1.1033650704658473	0.029884696406080297	3.602643226174132	12
protein	0	NQO1			-1.0554976315728932	1.0554976315728932	-0.9723606278024254	0.08313700377046779	-3.383909226365396	13
protein	0	ALKBH5			1.0152402705937338	1.0152402705937338	1.0227405453877298	0.00750027479399596	2.392451617841065	14
protein	0	EMA			-1.0060855680512293	1.0060855680512293	-1.3761547444538225	-0.3700691764025933	-0.7906551798686042	15
protein	0	53BP1			1.0023269827586208	1.0023269827586208	0.8791375	-0.12318948275862068	1.7851855284989062	16
protein	0	MMP14			-0.9899046202400807	0.9899046202400807	-1.062570388155045	-0.07266576791496424	-2.526376937406851	17
protein	0	Hexokinase-II			0.9838869241321524	0.9838869241321524	1.04620226008781	0.06231533595565763	2.927743440409102	18
protein	0	Grp75			0.9598675600936689	0.9598675600936689	0.95646779143821	-0.0033997686554588604	1.8953575625954846	19
protein	0	PAR			0.9532967397452059	0.9532967397452059	0.9535044745380963	0.00020773479289034998	4.146649131338044	20
protein	1	PDGFRB			0.6536549902261255	0.6536549902261255	0.07931279167461562	-0.5743421985515099	3.539968508724013	1
protein	1	HSP27_pS82			0.48517230250577736	0.48517230250577736	-0.03724289778579584	-0.5224152002915732	3.180605141511149	2
protein	1	Vinculin			0.4802174996082401	0.4802174996082401	0.18191401402661675	-0.2983034855816234	3.5801987361458654	3
protein	1	Histone-H3			-0.44504185366042265	0.44504185366042265	-0.09798624343713429	0.34705561022328835	-2.022435571226225	4
protein	1	p38-a			0.42914249253684056	0.42914249253684056	0.18272140053773558	-0.24642109199910497	2.8775046215174105	5
protein	1	SOD1			0.4145058958040941	0.4145058958040941	0.6678365029985571	0.25333060719446304	1.0554081815059073	6
protein	1	ATRX			-0.41181947673928615	0.41181947673928615	-0.2672368917981254	0.14458258494116077	-2.976396931624755	7
protein	1	CD171			0.3838500107159845	0.3838500107159845	0.3892798995569724	0.005429888840987865	1.4001798399215943	8
protein	1	Gli3			-0.37624090219383244	0.37624090219383244	-0.12988133386552184	0.2463595683283106	-3.479802742673389	9
protein	1	S6_pS240S244			-0.37069676100262317	0.37069676100262317	-0.1457270212765958	0.2249697397260274	-2.8056845702513082	10
protein	1	CAVEOLIN1			0.3627401815797143	0.3627401815797143	0.44902870212765955	0.08628852054794522	1.951365660557809	11
protein	1	FAK_pY397			-0.3424280420931707	0.3424280420931707	-0.20057244138552366	0.141855600707647	-4.239552011445023	12
protein	1	Rheb			-0.3403608566073554	0.3403608566073554	0.02855088180681861	0.36891173841417396	-1.8161645473942178	13
protein	1	ATM_pS1981			-0.33848610040527044	0.33848610040527044	0.05077546615665581	0.38926156656192623	-1.67810145759825	14
protein	1	SOD2			0.3275576184302692	0.3275576184302692	0.2305903469433306	-0.09696727148693857	3.1530596135741407	15
protein	1	B7-H3			0.3166423018304315	0.3166423018304315	0.1403298318757788	-0.17631246995465272	3.294521132586866	16
protein	1	Cyclophilin-F			0.31175789039027685	0.31175789039027685	0.20558588028233007	-0.10617201010794679	2.5040321322105266	17
protein	1	Tau			-0.3081421741993181	0.3081421741993181	-0.12574333324747913	0.182398840951839	-4.010441105010184	18
protein	1	HMHA1			-0.3052818418068461	0.3052818418068461	-0.13170179979619398	0.1735800420106521	-1.3326066879338518	19
protein	1	PLC-gamma1			-0.3025442292961116	0.3025442292961116	-0.3141066194494545	-0.011562390153342941	-1.7967707094365695	20
protein	2	SOD1			-1.0836792320722561	1.0836792320722561	-0.4702324518542855	0.6134467802179705	-2.4988009981670203	1
protein	2	EPPK1			0.9140055352504639	0.9140055352504639	0.6285385454545455	-0.2854669897959184	2.762838955687745	2
protein	2	HSP27			-0.7350045245367433	0.7350045245367433	0.1081014374223602	0.8431059619591035	-2.333275738724475	3
protein	2	SNAIL			-0.7164650212430426	0.7164650212430426	0.15935668181818186	0.8758217030612244	-2.573514928818187	4
protein	2	Hexokinase-II			0.6950794008364847	0.6950794008364847	0.6611557611830401	-0.03392363965344456	3.0939183390783507	5
protein	2	INPP4B			0.6730824490723564	0.6730824490723564	0.7677920909090911	0.09470964183673475	2.614516293258944	6
protein	2	PARPCLEAVED			-0.6307200468831168	0.6307200468831168	0.16796155454545458	0.7986816014285714	-2.453694197741128	7
protein	2	SMAC			-0.6064091298701298	0.6064091298701298	-0.09080877272727274	0.5156003571428571	-2.3478810474428378	8
protein	2	PDGFRB			-0.588896721388945	0.588896721388945	-0.8041694078156038	-0.21527268642665875	-1.9084620129448964	9
protein	2	CMET			-0.5777983274768088	0.5777983274768088	0.1413282827272727	0.7191266102040815	-2.4204089031705163	10
protein	2	CAVEOLIN1			-0.5754402235621521	0.5754402235621521	-0.24158109090909094	0.33385913265306116	-2.692371724720111	11
protein	2	CASPASE8			-0.5656999214285714	0.5656999214285714	0.20888435000000002	0.7745842714285714	-2.1838999738602034	12
protein	2	MYH11			-0.5581271549165119	0.5581271549165119	-0.40186781818181816	0.15625933673469375	-1.6979530442581094	13
protein	2	ECADHERIN			0.5318130171614102	0.5318130171614102	0.23910956818181822	-0.2927034489795919	2.5730221830748166	14
protein	2	LAD1			0.5268549022275137	0.5268549022275137	0.4090110474275834	-0.11784385479993043	3.484625897509417	15
protein	2	UGT1A			0.49128285490476736	0.49128285490476736	0.4655408621270223	-0.025741992777745082	3.0427010277909097	16
protein	2	EMA			0.48834836660097	0.48834836660097	-0.006873405881506786	-0.4952217724824768	1.5347833810991576	17
protein	2	PAI1			0.48081410593692026	0.48081410593692026	0.4207988181818182	-0.06001528775510208	1.7675149183900685	18
protein	2	SETD2			-0.44537689128014846	0.44537689128014846	0.22358779545454546	0.6689646867346939	-1.939016765907805	19
protein	2	MCT4			0.44365555078781743	0.44365555078781743	0.5093508788549772	0.06569532806715979	2.391446720149783	20
protein	3	HSP27			0.7165061801210352	0.7165061801210352	1.1371893454233843	0.42068316530234917	2.1198703261708514	1
protein	3	GAPDH			-0.6711536566598659	0.6711536566598659	-0.5084455744680851	0.1627080821917808	-3.9142015340311977	2
protein	3	MYH11			0.6689672570679103	0.6689672570679103	0.46089110638297864	-0.2080761506849316	2.0517309502272583	3
protein	3	SNAIL			0.6639018474788692	0.6639018474788692	1.1483434063829787	0.4844415589041096	2.239795200808472	4
protein	3	PARPCLEAVED			0.6554704241387352	0.6554704241387352	1.0817941008510639	0.4263236767123287	2.357063674379284	5
protein	3	Hexokinase-II			-0.6392171892400431	0.6392171892400431	-0.288946297430058	0.35027089180998505	-3.222539647083483	6
protein	3	CMET			0.618056201999417	0.618056201999417	0.9891811063829786	0.3711249043835616	2.4110541820165046	7
protein	3	CASPASE8			0.5299987816671521	0.5299987816671521	0.9932885446808508	0.46328976301369873	1.8754727322447506	8
protein	3	SETD2			0.5083897174001749	0.5083897174001749	0.8965826680851064	0.38819295068493154	2.2197879104639435	9
protein	3	HMHA1			0.44661404238452096	0.44661404238452096	0.3258843990275412	-0.12072964335697979	1.9971027599112472	10
protein	3	LAD1			-0.4028899500801185	0.4028899500801185	-0.2620335040091093	0.14085644607100922	-3.10840698928914	11
protein	3	S6_pS240S244			0.36311306703584956	0.36311306703584956	0.30067395744680847	-0.062439109589041114	3.022558357861797	12
protein	3	SOD1			0.34766688715978045	0.34766688715978045	0.6205942876989431	0.27292740053916265	0.7969275265062219	13
protein	3	RB			0.3425394645001455	0.3425394645001455	0.5744184234042551	0.23187895890410962	2.0909009669941425	14
protein	3	Rheb			0.3376477029088894	0.3376477029088894	0.4422740126446838	0.1046263097357944	1.52754051816895	15
protein	3	FAK_pY397			0.3308212393159392	0.3308212393159392	0.21032209305713012	-0.12049914625880911	4.018265649732861	16
protein	3	Gli3			0.330755381723133	0.330755381723133	0.30189169971492064	-0.028863682008212387	2.7958374322440007	17
protein	3	EMA			-0.330004234298271	0.330004234298271	-0.6027356417193912	-0.2727314074211202	-1.0945743525236538	18
protein	3	TFRC			-0.3291184645875838	0.3291184645875838	-0.12762276595744684	0.20149569863013697	-3.198266847080889	19
protein	3	SMAC			0.3271923130282716	0.3271923130282716	0.6034673404255319	0.27627502739726023	1.3021130552062992	20
rna	0	ENSG00000102837.7			-8.146138342461771	8.146138342461771	6.752921295906186	14.899059638367959	-5.9756821855334445	1
rna	0	ENSG00000148346.12			-8.00735807876313	8.00735807876313	6.840975592830129	14.84833367159326	-6.564112878124573	2
rna	0	ENSG00000168631.13			-7.608316280708977	7.608316280708977	4.008000066428916	11.616316347137893	-8.280745360103653	3
rna	0	ENSG00000137673.9			-7.433476217845629	7.433476217845629	7.35951759820214	14.792993816047769	-6.004408463127395	4
rna	0	ENSG00000137699.17			-7.408265377537556	7.408265377537556	5.122968594128467	12.531233971666023	-8.185831417172574	5
rna	0	ENSG00000196188.12			-7.340100412889893	7.340100412889893	7.3626463885617	14.702746801451593	-5.404461741300808	6
rna	0	ENSG00000102854.16			-7.192412029036318	7.192412029036318	5.966746037524216	13.159158066560535	-7.476228837035844	7
rna	0	ENSG00000215182.8			-7.140200857847738	7.140200857847738	5.304790858074584	12.444991715922322	-5.0871052359281	8
rna	0	ENSG00000105388.16			-7.112599429179146	7.112599429179146	6.606960947774257	13.719560376953403	-5.101417196192181	9
rna	0	ENSG00000086548.9			-6.828145434218662	6.828145434218662	8.447572247740757	15.275717681959419	-5.383663812770011	10
rna	0	ENSG00000137648.19			-6.710576584590161	6.710576584590161	6.484002538581542	13.194579123171703	-5.539784833641842	11
rna	0	ENSG00000115221.12			-6.583800275435546	6.583800275435546	6.323779585881199	12.907579861316744	-6.255057798904383	12
rna	0	ENSG00000115386.6			-6.4942441955595696	6.4942441955595696	6.984057441209095	13.478301636768665	-3.505025124644078	13
rna	0	ENSG00000013588.9			-6.470769736196859	6.470769736196859	8.03094324412153	14.50171298031839	-5.6615715664929285	14
rna	0	ENSG00000163993.7			-6.453046635651243	6.453046635651243	6.347162626417952	12.800209262069195	-4.704231085577352	15
rna	0	ENSG00000066405.13			-6.42590337912704	6.42590337912704	5.894747287470548	12.320650666597588	-4.8439748087010495	16
rna	0	ENSG00000131746.13			-6.388581966914229	6.388581966914229	4.975524073201367	11.364106040115596	-6.902604690426328	17
rna	0	ENSG00000186832.9			-6.385328643453826	6.385328643453826	4.363796412384098	10.749125055837924	-7.454122713939595	18
rna	0	ENSG00000065618.21			-6.274886297781261	6.274886297781261	6.414080579243564	12.688966877024825	-7.101472076963596	19
rna	0	ENSG00000268104.3			-6.1766099387063	6.1766099387063	4.511667620919794	10.688277559626094	-6.220274007367426	20
rna	1	ENSG00000149043.16			2.5457612061484074	2.5457612061484074	12.310810176858151	9.765048970709744	7.8513034530142285	1
rna	1	ENSG00000168631.13			2.4938410712727688	2.4938410712727688	12.672554575306668	10.1787135040339	4.754845824580146	2
rna	1	ENSG00000215182.8			2.4493252264446035	2.4493252264446035	13.504778317425822	11.055453090981219	5.041789549696406	3
rna	1	ENSG00000142623.11			2.434084170755378	2.434084170755378	11.035499863196108	8.60141569244073	5.840156484090169	4
rna	1	ENSG00000186832.9			2.2349067771195674	2.2349067771195674	11.724886939635372	9.489980162515804	6.187581302777191	5
rna	1	ENSG00000163993.7			2.2309892956980413	2.2309892956980413	13.768940955835298	11.537951660137256	6.182130428747	6
rna	1	ENSG00000167653.5			2.210533983685554	2.210533983685554	12.053361772167358	9.842827788481804	4.803278182223815	7
rna	1	ENSG00000169583.13			2.1907747947051615	2.1907747947051615	10.775886941060477	8.585112146355316	8.7959629740487	8
rna	1	ENSG00000260877.2			2.171463580687856	2.171463580687856	8.118262059671066	5.94679847898321	8.262892117321556	9
rna	1	ENSG00000163209.15			2.1684673388125457	2.1684673388125457	8.337621181711494	6.1691538428989485	5.214188173424647	10
rna	1	ENSG00000102854.16			2.16686618436494	2.16686618436494	14.037697776113554	11.870831591748614	6.034887948934172	11
rna	1	ENSG00000181092.10			-2.140920041857849	2.140920041857849	3.5537277401776812	5.69464778203553	-5.551045417387878	12
rna	1	ENSG00000147689.16			2.097660789759942	2.097660789759942	10.680897484408225	8.583236694648283	5.6412403310787	13
rna	1	ENSG00000069011.16			2.0927442981081565	2.0927442981081565	10.927622854173046	8.83487855606489	8.927168480305887	14
rna	1	ENSG00000169469.9			2.0507794345633306	2.0507794345633306	7.975392183325181	5.9246127487618505	5.107914580578739	15
rna	1	ENSG00000107159.13			2.0415132833247984	2.0415132833247984	11.28680745089638	9.245294167571581	5.652556825679519	16
rna	1	ENSG00000167656.5			2.0344221379605862	2.0344221379605862	8.285635443858949	6.2512133058983625	4.451515411978289	17
rna	1	ENSG00000169035.12			2.0166574184739403	2.0166574184739403	10.922941676247447	8.906284257773507	4.7720719203918325	18
rna	1	ENSG00000137699.17			2.000798976026063	2.000798976026063	13.290730043488878	11.289931067462815	6.1284547916822385	19
rna	1	ENSG00000172927.8			1.9959224620561873	1.9959224620561873	11.675538005580364	9.679615543524177	7.162783007058143	20
rna	2	ENSG00000091704.10			-2.2391203091792864	2.2391203091792864	9.140162465611738	11.379282774791024	-2.208695977240088	1
rna	2	ENSG00000105388.16			2.2215420404978072	2.2215420404978072	15.062222987978858	12.84068094748105	3.652745699909744	2
rna	2	ENSG00000153002.12			-2.140070265131355	2.140070265131355	9.682721526799746	11.8227917919311	-2.1779537428549602	3
rna	2	ENSG00000168925.12			-2.125988312264097	2.125988312264097	8.13702287367362	10.263011185937717	-2.2016975467739632	4
rna	2	ENSG00000170835.16			-2.1064741119675787	2.1064741119675787	8.705347105361819	10.811821217329397	-2.4501074557999343	5
rna	2	ENSG00000168928.13			-2.071254642452921	2.071254642452921	8.49134501990055	10.56259966235347	-2.1094454844920434	6
rna	2	ENSG00000175535.6			-2.0210475248730226	2.0210475248730226	8.697187081026977	10.7182346059	-1.9662620883584478	7
rna	2	ENSG00000162438.12			-2.0014945247771045	2.0014945247771045	8.075686584405519	10.077181109182623	-2.2731411842261235	8
rna	2	ENSG00000196616.14			-1.9345720971382612	1.9345720971382612	8.09342901167286	10.028001108811122	-3.8348748721470054	9
rna	2	ENSG00000172724.12			-1.9054641315104037	1.9054641315104037	7.533474057119423	9.438938188629827	-4.046137368581732	10
rna	2	ENSG00000158516.12			-1.9003219529095805	1.9003219529095805	8.05711664894115	9.95743860185073	-2.0914488583486035	11
rna	2	ENSG00000137392.10			-1.8859098884657497	1.8859098884657497	7.0013540632072955	8.887263951673045	-2.0966619536160307	12
rna	2	ENSG00000133169.6			-1.8377528985165679	1.8377528985165679	6.858448751147538	8.696201649664106	-4.467601375465921	13
rna	2	ENSG00000137077.8			-1.831211575531519	1.831211575531519	8.392708016206356	10.223919591737875	-4.555574339433233	14
rna	2	ENSG00000101188.5			1.8109982666647149	1.8109982666647149	8.638983325977474	6.827985059312759	3.7831859263596748	15
rna	2	ENSG00000109906.14			-1.809198995778793	1.809198995778793	8.588204926465105	10.397403922243898	-5.501514666022935	16
rna	2	ENSG00000213088.12			-1.8035104666283583	1.8035104666283583	8.192174231553677	9.995684698182036	-4.626249626029785	17
rna	2	ENSG00000170890.14			-1.7910227936169205	1.7910227936169205	7.55029822702651	9.34132102064343	-2.15495476190332	18
rna	2	ENSG00000179751.7			-1.7876374581759107	1.7876374581759107	5.920158087843183	7.707795546019094	-2.2073307470109786	19
rna	2	ENSG00000170689.10			1.7847532555128147	1.7847532555128147	8.746821438022444	6.962068182509629	4.9689757951801035	20
rna	3	ENSG00000181092.10			3.521112249519603	3.521112249519603	7.07679174093743	3.5556794914178265	8.070707088138066	1
rna	3	ENSG00000168079.17			3.2364447764370903	3.2364447764370903	8.791932477308212	5.555487700871121	11.99792511488091	2
rna	3	ENSG00000117322.18			3.12339514246971	3.12339514246971	8.996304567287188	5.872909424817478	6.317089981287876	3
rna	3	ENSG00000196616.14			3.07002657750958	3.07002657750958	11.577420302168585	8.507393724659005	12.226660059432811	4
rna	3	ENSG00000156738.18			3.005724445274322	3.005724445274322	8.799269100465018	5.793544655190696	7.458189566033636	5
rna	3	ENSG00000101938.15			2.999760650281929	2.999760650281929	10.788094762151356	7.788334111869427	13.343440154645915	6
rna	3	ENSG00000172724.12			2.8919374765336547	2.8919374765336547	10.88353521228358	7.991597735749925	9.368324390289152	7
rna	3	ENSG00000106809.11			2.8764120442302916	2.8764120442302916	10.680387981133448	7.803975936903156	13.564396868786352	8
rna	3	ENSG00000175535.6			2.8515212993544345	2.8515212993544345	12.117076303276692	9.265555003922257	3.1584407422542427	9
rna	3	ENSG00000164530.15			2.817164510472856	2.817164510472856	8.823536256730264	6.006371746257408	9.413436633078542	10
rna	3	ENSG00000188257.12			2.8115276599408654	2.8115276599408654	10.426281253135993	7.614753593195128	7.024530372421476	11
rna	3	ENSG00000153002.12			2.720940745643116	2.720940745643116	13.119540294945363	10.398599549302247	3.279566400049689	12
rna	3	ENSG00000112936.19			2.7186106415578823	2.7186106415578823	14.65746935871937	11.938858717161487	12.658035703623055	13
rna	3	ENSG00000091704.10			2.7150844309594007	2.7150844309594007	12.654605457441566	9.939521026482165	3.147548688150868	14
rna	3	ENSG00000100721.11			2.6760159086854545	2.6760159086854545	6.743626977989107	4.067611069303653	7.048371112698763	15
rna	3	ENSG00000213088.12			2.627102682721423	2.627102682721423	11.29494851934635	8.667845836624927	11.617172835294264	16
rna	3	ENSG00000017427.17			2.6223579135831825	2.6223579135831825	8.022025470547305	5.399667556964123	12.257954872865513	17
rna	3	ENSG00000158516.12			2.5898636240786725	2.5898636240786725	11.216285209466168	8.626421585387495	3.3378032249909992	18
rna	3	ENSG00000170323.9			2.5872711254982335	2.5872711254982335	9.369661920067523	6.78239079456929	8.49178989795902	19
rna	3	ENSG00000211898.7			2.5831762823704176	2.5831762823704176	8.755356973196587	6.17218069082617	6.575261613276814	20
snv	0	KRAS	0.0	0.6347305389221557	-0.6347305389221557	0.6347305389221557				1
snv	0	TP53	0.08333333333333333	0.5868263473053892	-0.5034930139720558	0.5034930139720558				2
snv	0	MEN1	0.25	0.0	0.25	0.25				3
snv	0	ATM	0.25	0.023952095808383235	0.22604790419161677	0.22604790419161677				4
snv	0	CDKN2A	0.0	0.17964071856287425	-0.17964071856287425	0.17964071856287425				5
snv	0	NUP210L	0.16666666666666666	0.0	0.16666666666666666	0.16666666666666666				6
snv	0	KLHL36	0.16666666666666666	0.0	0.16666666666666666	0.16666666666666666				7
snv	0	KLHL34	0.16666666666666666	0.0	0.16666666666666666	0.16666666666666666				8
snv	0	SLC17A7	0.16666666666666666	0.0	0.16666666666666666	0.16666666666666666				9
snv	0	EPC1	0.16666666666666666	0.0	0.16666666666666666	0.16666666666666666				10
snv	0	MARCO	0.16666666666666666	0.0	0.16666666666666666	0.16666666666666666				11
snv	0	C6	0.16666666666666666	0.0	0.16666666666666666	0.16666666666666666				12
snv	0	CRYBG1	0.16666666666666666	0.0	0.16666666666666666	0.16666666666666666				13
snv	0	ZNF85	0.16666666666666666	0.0	0.16666666666666666	0.16666666666666666				14
snv	0	NPRL2	0.16666666666666666	0.0	0.16666666666666666	0.16666666666666666				15
snv	0	SNX10	0.16666666666666666	0.0	0.16666666666666666	0.16666666666666666				16
snv	0	PPP1R9B	0.16666666666666666	0.0	0.16666666666666666	0.16666666666666666				17
snv	0	GAS2	0.16666666666666666	0.0	0.16666666666666666	0.16666666666666666				18
snv	0	REXO5	0.16666666666666666	0.0	0.16666666666666666	0.16666666666666666				19
snv	0	C8A	0.16666666666666666	0.0	0.16666666666666666	0.16666666666666666				20
snv	1	KRAS	0.859375	0.4434782608695652	0.4158967391304348	0.4158967391304348				1
snv	1	CDKN2A	0.296875	0.09565217391304348	0.20122282608695652	0.20122282608695652				2
snv	1	SMAD4	0.328125	0.13043478260869565	0.19769021739130435	0.19769021739130435				3
snv	1	TP53	0.671875	0.48695652173913045	0.18491847826086955	0.18491847826086955				4
snv	1	LRP1B	0.0	0.06086956521739131	-0.06086956521739131	0.06086956521739131				5
snv	1	TGFBR2	0.078125	0.02608695652173913	0.05203804347826087	0.05203804347826087				6
snv	1	ARHGAP36	0.046875	0.0	0.046875	0.046875				7
snv	1	TNXB	0.015625	0.06086956521739131	-0.04524456521739131	0.04524456521739131				8
snv	1	ADAMTS16	0.0625	0.017391304347826087	0.045108695652173916	0.045108695652173916				9
snv	1	FCGBP	0.0	0.043478260869565216	-0.043478260869565216	0.043478260869565216				10
snv	1	SPTA1	0.0	0.043478260869565216	-0.043478260869565216	0.043478260869565216				11
snv	1	DCHS1	0.0	0.043478260869565216	-0.043478260869565216	0.043478260869565216				12
snv	1	PXDN	0.0	0.043478260869565216	-0.043478260869565216	0.043478260869565216				13
snv	1	ADAMTS19	0.0	0.043478260869565216	-0.043478260869565216	0.043478260869565216				14
snv	1	FBN1	0.046875	0.008695652173913044	0.03817934782608696	0.03817934782608696				15
snv	1	ABCB1	0.046875	0.008695652173913044	0.03817934782608696	0.03817934782608696				16
snv	1	MYLK	0.046875	0.008695652173913044	0.03817934782608696	0.03817934782608696				17
snv	1	AFF2	0.046875	0.008695652173913044	0.03817934782608696	0.03817934782608696				18
snv	1	BIRC6	0.046875	0.008695652173913044	0.03817934782608696	0.03817934782608696				19
snv	1	KCNQ3	0.046875	0.008695652173913044	0.03817934782608696	0.03817934782608696				20
snv	2	TP53	0.7941176470588235	0.496551724137931	0.29756592292089246	0.29756592292089246				1
snv	2	KRAS	0.8235294117647058	0.5379310344827586	0.28559837728194726	0.28559837728194726				2
snv	2	SMAD4	0.11764705882352941	0.2206896551724138	-0.10304259634888438	0.10304259634888438				3
snv	2	PSD	0.08823529411764706	0.0	0.08823529411764706	0.08823529411764706				4
snv	2	LRBA	0.08823529411764706	0.006896551724137931	0.08133874239350913	0.08133874239350913				5
snv	2	BRINP2	0.08823529411764706	0.006896551724137931	0.08133874239350913	0.08133874239350913				6
snv	2	COL22A1	0.08823529411764706	0.006896551724137931	0.08133874239350913	0.08133874239350913				7
snv	2	FCGBP	0.08823529411764706	0.013793103448275862	0.0744421906693712	0.0744421906693712				8
snv	2	DST	0.08823529411764706	0.013793103448275862	0.0744421906693712	0.0744421906693712				9
snv	2	FAM135B	0.08823529411764706	0.013793103448275862	0.0744421906693712	0.0744421906693712				10
snv	2	ADAMTS19	0.08823529411764706	0.013793103448275862	0.0744421906693712	0.0744421906693712				11
snv	2	RNF43	0.11764705882352941	0.04827586206896552	0.0693711967545639	0.0693711967545639				12
snv	2	PCDH9	0.08823529411764706	0.020689655172413793	0.06754563894523327	0.06754563894523327				13
snv	2	COL6A2	0.08823529411764706	0.020689655172413793	0.06754563894523327	0.06754563894523327				14
snv	2	FBN3	0.08823529411764706	0.020689655172413793	0.06754563894523327	0.06754563894523327				15
snv	2	PCDHB7	0.08823529411764706	0.020689655172413793	0.06754563894523327	0.06754563894523327				16
snv	2	MUC16	0.11764705882352941	0.05517241379310345	0.06247464503042596	0.06247464503042596				17
snv	2	KDM6A	0.08823529411764706	0.027586206896551724	0.06064908722109534	0.06064908722109534				18
snv	2	PCDH15	0.08823529411764706	0.027586206896551724	0.06064908722109534	0.06064908722109534				19
snv	2	GLI3	0.08823529411764706	0.027586206896551724	0.06064908722109534	0.06064908722109534				20
snv	3	KRAS	0.3333333333333333	0.7545454545454545	-0.4212121212121212	0.4212121212121212				1
snv	3	TP53	0.4057971014492754	0.6454545454545455	-0.23965744400527011	0.23965744400527011				2
snv	3	CDKN2A	0.08695652173913043	0.21818181818181817	-0.13122529644268774	0.13122529644268774				3
snv	3	SMAD4	0.14492753623188406	0.23636363636363636	-0.0914361001317523	0.0914361001317523				4
snv	3	RNF43	0.014492753623188406	0.09090909090909091	-0.07641633728590251	0.07641633728590251				5
snv	3	GNAS	0.0	0.06363636363636363	-0.06363636363636363	0.06363636363636363				6
snv	3	PCDH15	0.0	0.06363636363636363	-0.06363636363636363	0.06363636363636363				7
snv	3	ATM	0.0	0.06363636363636363	-0.06363636363636363	0.06363636363636363				8
snv	3	MUC16	0.028985507246376812	0.09090909090909091	-0.061923583662714096	0.061923583662714096				9
snv	3	PCDH9	0.0	0.05454545454545454	-0.05454545454545454	0.05454545454545454				10
snv	3	PCDHB7	0.0	0.05454545454545454	-0.05454545454545454	0.05454545454545454				11
snv	3	ADAMTS16	0.0	0.05454545454545454	-0.05454545454545454	0.05454545454545454				12
snv	3	COL6A2	0.0	0.05454545454545454	-0.05454545454545454	0.05454545454545454				13
snv	3	TTN	0.10144927536231885	0.15454545454545454	-0.053096179183135694	0.053096179183135694				14
snv	3	NOS1	0.0	0.045454545454545456	-0.045454545454545456	0.045454545454545456				15
snv	3	PCDHGB7	0.0	0.045454545454545456	-0.045454545454545456	0.045454545454545456				16
snv	3	HYDIN	0.0	0.045454545454545456	-0.045454545454545456	0.045454545454545456				17
snv	3	BTBD11	0.0	0.045454545454545456	-0.045454545454545456	0.045454545454545456				18
snv	3	CMYA5	0.0	0.045454545454545456	-0.045454545454545456	0.045454545454545456				19
snv	3	RYR3	0.0	0.045454545454545456	-0.045454545454545456	0.045454545454545456				20
